asnum,asname,,,
2,University of Delaware,,,
3,Massachusetts Institute of Technology,,,
4,University of Southern California,,,
8,Rice University,,,
9,Carnegie Mellon University,,,
12,New York University,,,
14,Columbia University,,,
17,Purdue University,,,
18,University of Texas at Austin,,,
20,University of Rochester,,,
25,University of California at Berkeley,,,
26,Cornell University,,,
27,University of Maryland,,,
29,Yale University,,,
31,California Institute of Technology,,,
32,Stanford University,,,
34,University of Delaware,,,
38,University of Illinois,,,
46,Rutgers University,,,
47,University of Southern California,,,
52,"University of California, Los Angeles",,,
55,University of Pennsylvania,,,
57,University of Minnesota,,,
59,University of Wisconsin Madison,,,
63,Massachusetts Institute of Technology,,,
73,University of Washington,,,
77,Johns Hopkins University Applied Physics Laboratory,,,
87,Indiana University,,,
88,Princeton University,,,
91,Rensselaer Polytechnic Institute,,,
92,Clarkson University,,,
98,The Rockefeller University,,,
101,University of Washington,,,
103,Northwestern University,,,
104,University of Colorado at Boulder,,,
111,Boston University,,,
131,"University of California, Santa Barbara",,,
156,Northeastern University,,,
159,The Ohio State University,,,
160,University of Chicago,,,
166,Institute for Defense Analyses,,,
167,Wesleyan University,,,
186,The Catholic University of America,,,
194,University Corporation for Atmospheric Research,,,
205,Montclair State University,,,
217,University of Minnesota,,,
224,"UNINETT, The Norwegian University & Research Network",,,
225,University of Virginia,,,
239,University of Toronto,,,
276,University of Texas System,,,
278,Universidad Nacional Autonoma de Mexico,,,
299,"University of California, Irvine",,,
302,Baylor College of Medicine,,,
553,Universitaet Stuttgart,,,
557,University of Maine System,,,
589,University of North Texas,,,
611,University of Toronto,,,
679,Technische Universitat Wien,,,
681,The University of Waikato,,,
693,University of Notre Dame,,,
698,University of Illinois at Urbana-Champaign,,,
760,"University of Vienna, Austria",,,
802,York University,,,
823,The University of Western Ontario,,,
1109,University of Salzburg,,,
1110,University of Innsbruck,,,
1111,University of Klagenfurt,,,
1112,Montanuniversitaet Leoben,,,
1113,"Technische Universitaet Graz,",,,
1114,Universitaet Graz,,,
1117,"Universitaet fuer Bodenkultur, Wien",,,
1124,Universiteit van Amsterdam,,,
1133,University Twente,,,
1161,Technische Universiteit Eindhoven (TU/e),,,
1201,Old Dominion University,,,
1204,"State University of New York, Central",,,
1205,University Linz,,,
1237,Korea Institute of Science and Technology Information,,,
1249,Five Colleges Network,,,
1252,University of Nebraska Medical Center,,,
1287,Professional Education Institute,,,
1289,Colgate University,,,
1312,Virginia Polytechnic Institute and State Univ.,,,
1351,University of Vermont,,,
1411,Christopher Newport University,,,
1432,Albion College,,,
1603,Henderson State University,,,
1638,Mott Community College,,,
1653,SUNET Swedish University Network,,,
1657,University of Louisville,,,
1704,Korea Advanced Institute of Science and Technology,,,
1706,University of Arizona,,,
1736,Marquette University,,,
1742,Harvard University,,,
1776,(Wirtschaftsuniversitaet Wien) - Vienna University of Economics and Business,,,
1777,Saint Xavier University,,,
1781,Korea Advanced Institute of Science and Technology,,,
1826,University of Arkansas-Fort Smith,,,
1830,Gulf Coast State College,,,
1832,Southern Methodist University,,,
1840,Universidad de Las Americas-Puebla,,,
1851,The University of Adelaide,,,
1852,University of California - Office of the President,,,
1929,University of Massachusetts,,,
1967,Middle East Technical University / Orta Dogu Teknik Universitesi,,,
1968,University of Massachusettes,,,
1970,Texas A&M University,,,
2003,Electric Power Research Institute,,,
2025,University of Toledo,,,
2037,California State University at Fresno,,,
2055,Louisiana State University,,,
2148,A.I.Alikhanov Institute,,,
2152,"California State University, Office of the Chancellor",,,
2153,"California State University, Office of the Chancellor",,,
2496,University of Kansas,,,
2501,The University of Tokyo,,,
2504,Kyoto University,,,
2508,Kyushu University,,,
2547,Budapest University of Technology and Economics,,,
2549,Universidad de Guadalajara,,,
2553,Florida State University,,,
2563,Seoul Christain University,,,
2572,University of Missouri - dba the Missouri Research and Education Network (MOREnet),,,
2592,Ege University,,,
2637,Georgia Institute of Technology,,,
2641,The Scripps Research Institute,,,
2698,Iowa State University,,,
2701,Kansas State University,,,
2708,Universidad de Guanajuato,,,
2716,Universidade Federal do Rio Grande do Sul,,,
2831,Lulea Tekniska Universitet,,,
2833,Umea Universitet,,,
2837,Karolinska Institutet,,,
2838,Stockholm University,,,
2841,Chalmers University of Technology,,,
2842,Goteborgs universitet,,,
2843,Linkopings Universitet,,,
2846,Lunds Universitet,,,
2847,Kaunas University of Technology,,,
2850,University College Dublin,,,
2857,Johannes Gutenberg-Universitaet Mainz,,,
2900,Arizona Tri University Network,,,
2902,University of Wyoming,,,
2904,Universidad Autonoma De Ciudad Juarez,,,
2907,"Research Organization of Information and Systems, National Institute of Informatics",,,
3128,University of Wisconsin System,,,
3141,Benemerita Universidad Autonoma de Puebla,,,
3218,Space Research Institute of Russian Academy of Sciences,,,
3264,American University in Bulgaria,,,
3267,State Institute of Information Technologies and,,,
3268,University of Cyprus,,,
3288,Mofet Institute,,,
3323,National Technical University of Athens,,,
3325,Kazan University,,,
3351,Ioffe Physical-Technical Institute of the Russian Academy of Sciences,,,
3354,University of Texas System,,,
3359,University of Alberta,,,
3363,Hong Kong University of Science and Technology,,,
3382,University of Indonesia,,,
3388,University of New Mexico,,,
3390,University of Missouri - Kansas City,,,
3410,Cornell College,,,
3449,Universidad Nacional de Buenos Aires,,,
3450,"University of Tennessee, Knoxville",,,
3452,University of Alabama at Birmingham,,,
3454,Universidad Autonoma de Nuevo Leon,,,
3479,Kennesaw State University,,,
3480,Kennesaw State University,,,
3512,Emory University,,,
3527,National Institutes of Health,,,
3550,Ateneo de Manila University,,,
3551,Universidad Tecnologica de Panama,,,
3582,University of Oregon,,,
3586,University of the West Indies,,,
3592,Trinity College,,,
3596,Universidad Autonoma Metropolitana,,,
3603,University de Los Andes,,,
3606,Connecticut College,,,
3634,Stephen F. Austin State University,,,
3659,Claremont University Consortium,,,
3661,The Chinese University of Hong Kong,,,
3662,Joint Universities Computer Centre Limited,,,
3676,University of Iowa,,,
3677,University of Iowa,,,
3681,Florida International University,,,
3685,University of Buffalo,,,
3730,Aquinas College,,,
3748,Electronics and Telecommunications Research Institute,,,
3777,Haverford College,,,
3778,Temple University,,,
3782,Swarthmore College,,,
3784,Pohang University of Science and Technology,,,
3794,Texas A&M University,,,
3795,Bryn Mawr College,,,
3807,University of Montana,,,
3813,sogang university,,,
3839,Chulalongkorn University,,,
3935,Eastern Washington University,,,
3957,American Institute of Physics Incorporated,,,
3999,The Pennsylvania State University,,,
4130,University of Pittsburgh,,,
4158,City University of Hong Kong,,,
4190,Binghamton University,,,
4201,Oregon State University,,,
4224,The Calyx Institute,,,
4246,New Jersey Institute of Technology,,,
4270,Red de Interconexion Universitaria,,,
4274,Assumption University,,,
4310,Seminole State College of Florida,,,
4385,Rochester Institute of Technology,,,
4476,British Columbia Institute of Technology,,,
4493,Universidad de Sonora,,,
4511,University of Miami,,,
4528,The University of Hong Kong,,,
4557,Rice University,,,
4605,Hong Kong Baptist University,,,
4641,The Chinese University of Hong Kong,,,
4665,Yonsei University,,,
4730,Osaka University,,,
4762,"Mahidol University, Thailand",,,
4796,Institute of Technology Bandung,,,
4869,Central New Mexico Community College,,,
4901,The George Washington University,,,
5386,Space Research Institute of Russian Academy of Sciences,,,
5387,Institute of Computational Technologies of SB RAS,,,
5402,Budker Institute of Nuclear Physics,,,
5421,Sofia University St. Kliment Ohridski,,,
5468,"Yeltsin UrFU, Ural Federal University",,,
5470,Aristotle University of Thessaloniki,,,
5474,TOBB Economics and Technology University,,,
5479,Kaunas University of Technology,,,
5480,State Educational institution for High professional education 'Southern Federal University',,,
5495,Saint-Petersburg State University,,,
5520,Universitaet zu Koeln,,,
5538,Institute of Mathematics and Computer Science of University of Latvia,,,
5548,State Educational Institution of higher professional education Moscow State University of Rai,,,
5550,"Technical University of Gdansk, Academic Computer Center TASK",,,
5553,State Educational Institution of Higher Professional Education Tambov State Technical Univers,,,
5567,National Research Tomsk Polytechnic University,,,
5568,ROSNIIROS Russian Institute for Public Networks,,,
5653,University of California San Francisco,,,
5664,Sheridan College,,,
5692,Universidad Nacional de La Plata,,,
5707,The University of Texas Health Science Center at Houston,,,
5708,Universidad Autonoma de Guerrero,,,
5721,National Defense University,,,
5722,Universidad Nacional de Colombia,,,
5723,Johns Hopkins University,,,
5739,"University of California, Santa Cruz",,,
5786,University of Puerto Rico,,,
6056,Colby College,,,
6059,University of Maryland,,,
6074,Long Island University,,,
6092,Harford Community College,,,
6095,Novartis Institutes for BioMedical Research,,,
6106,"University of California, Riverside",,,
6112,Auburn University,,,
6124,Marist College,,,
6150,National Cancer Institute/Frederick Cancer Research,,,
6192,University of California at Davis,,,
6200,University of Illinois at Chicago,,,
6360,University of Hawaii,,,
6362,Midland College,,,
6366,Portland State University,,,
6481,Southwest Research Institute,,,
6492,Palomar Community College District,,,
6510,Brigham Young University,,,
6522,Lehigh University,,,
6579,Memorial University of Newfoundland,,,
6652,Pima Community College,,,
6671,Samara State Aerospace University (SGAU),,,
6693,Universitatea Bucuresti,,,
6699,Institute of Mathematic and Mechanic of Ural Department of Russian Science Academy,,,
6711,University of Szeged,,,
6744,Computer Technology Institute and Press,,,
6801,Federal State Institution Russian Scientific Center Kurchatovsky institute,,,
6807,National Technical University 'Kharkiv Polytechnical Institute',,,
6857,Saint-Petersburg State University,,,
6867,University of Crete,,,
6868,Moscow State Technical University named NE Bouwman (state enterprise no commercial organisati,,,
6874,State Educational Institution of Higher Professional Education Perm State Technical Universit,,,
6931,Ringling College of Art and Design,,,
7050,University of Wisconsin - Milwaukee,,,
7125,Universidad de Monterrey,,,
7162,Universo Online S.A.,,,
7184,Universidad Verecruzana,,,
7202,Florida A & M University,,,
7212,Vanderbilt University,,,
7276,University of Houston,,,
7377,"University of California, San Diego",,,
7386,Illinois State University,,,
7475,The University of Queensland,,,
7476,The University of Queensland,,,
7485,Mahanakorn University of Technology (Thailand),,,
7502,Advanced Software Technology & Management Research Institute of KYOTO,,,
7560,Chonbuk National University,,,
7564,Korea Atomic Energy Research Institute,,,
7573,The University of Tasmania,,,
7582,University of Macau,,,
7621,Kyonggi University,,,
7622,Korea Advanced Institute of Science and Technology,,,
7624,jeonju university,,,
7645,Deakin University,,,
7650,The Hong Kong Institute of Education,,,
7651,Lingnan University,,,
7774,University of Alaska,,,
7860,University of Prince Edward Island,,,
7896,University of Nebraska-Lincoln,,,
7915,Daytona State College Inc,,,
7939,University of Central Florida,,,
7965,Universidad Catolica Andres Bello,,,
7968,Loyola University Chicago,,,
8036,University of Tulsa,,,
8111,Dalhousie University,,,
8122,Duquesne University,,,
8135,Troy University,,,
8214,Institute of Informatics and Applied Mathematics,,,
8253,Democritus University of Thrace,,,
8256,Technical University of Lodz Computer Centre,,,
8278,Technical University of Crete,,,
8324,South Ural State University,,,
8326,University of Technology and Agriculture in Bydgoszcz,,,
8364,"Institute of Bioorganic Chemistry Polish Academy of Science, Poznan Supercomputing and Networ",,,
8409,Institute for Information Transmission Problems of the Russian Academy of Sciences of A.A. Kh,,,
8411,State Educational Institution of Higher Professional Education Omsk State University of F.M.D,,,
8441,OOO NPP Garant Service University,,,
8456,Bogazici University,,,
8466,Ihsan Dogramaci Bilkent University,,,
8475,State Educational Institute of Higher Professional Education Bashkirskiy State University,,,
8501,"Institute of Bioorganic Chemistry Polish Academy of Science, Poznan Supercomputing and Networ",,,
8508,"Silesian University of Technology, Computer Centre",,,
8510,Tomsk State University,,,
8599,State Educational Institution of Higher Professional Education Ulyanovsk State University,,,
8605,University of Latvia,,,
8623,Nizhny Novgorod State University,,,
8630,Fedaral State Educational Institution of higher professional Education 'Chuvash State Univers,,,
8643,University of Athens,,,
8663,Kuban State University,,,
8664,University of Warsaw,,,
8670,University of Sarajevo,,,
8678,Ankara Universitesi Rektorlugu,,,
8684,State Educational Institution of Higher Professional Education Perm State University,,,
8700,Technological Educational Institute of Thessaly,,,
8719,Dnepropetrovsk National University of Oles Gonchar,,,
8762,Technological Educational Institute of Crete,,,
8775,Institute of continuous media mechanics of the Ural branch of the Russian Academy of Science,,,
8790,State Educational Institution of Higher Professional Education Petrozavodsk State University,,,
8890,University of Warsaw,,,
8909,State Educational Institution of Higher Professional Education Amur State University,,,
8941,N. P. Ogarev's Mordovian State University,,,
8981,Voronezh State University,,,
9039,"Institute of information & analytical technologies IIAT, Limited",,,
9041,Russian State Vocational Pedagogical University,,,
9056,Federal State Institution Federal Scientific Research Institute for System Analysis of the Ru,,,
9095,Istanbul Teknik Universitesi,,,
9111,State Educational Institution of Higher Professional Education Saratov State University of N.,,,
9112,"Institute of Bioorganic Chemistry Polish Academy of Science, Poznan Supercomputing and Networ",,,
9124,Federal State Educational Institution of Higher Professional Education Russian State Universi,,,
9206,"Keldysh Institute of Applied Mathematics, Russian Academy of Sciences",,,
9247,National Institute of Education,,,
9271,Wonkwang University,,,
9274,Pusan National University,,,
9275,Korea Astronomy & Space Science Institute,,,
9317,Inha University,,,
9321,Hanyang University,,,
9322,"Institute of Information and Computing, EWHA WOMANS UNIV.",,,
9323,Dongguk University Information Management Center,,,
9355,National Institute of Information and Communications Technology,,,
9367,Tokyo Institute of Technology,,,
9411,"Kasetsart University, Thailand",,,
9419,Nanyang Technological University,,,
9431,The University of Auckland,,,
9432,University of Canterbury,,,
9433,Massey University,,,
9452,Korea University,,,
9459,Konkuk University,,,
9464,Prince of Songkla University (Sritrang'NET),,,
9475,Walailuk University,,,
9486,King Mongkut's Institute of Technology Ladkrabang,,,
9488,Seoul National University,,,
9489,Korea Aerospace Research Institute,,,
9521,Korea Automotive Technology Institute,,,
9523,Mokwon University,,,
9533,King Mongkut's Institute of Technology North Bangkok,,,
9546,Ministry of University Affairs,,,
9551,King Mongkut's University of Technology,,,
9562,Mahasarakham University,,,
9570,Daedong College,,,
9572,Hankuk University of Foreign Studies Computer Center,,,
9591,National Institute for Fusion Science,,,
9628,Seoul Education Science Research Institute,,,
9631,youngsan university,,,
9635,Pusan University of Foreign Studies,,,
9637,Dankook University,,,
9686,SungKyunKwan University (SKKU),,,
9693,Korea Financial Telecommunications & Clearings Institute,,,
9708,Pukyong National University,,,
9711,Kyonggi provin educational information research institute,,,
9753,Dong-A Universirty,,,
9769,Sejong University,,,
9774,dongseo university,,,
9775,Hannam University,,,
9777,Gyeongju University,,,
9782,WooSong University,,,
9868,Catholic University of DAEGU,,,
9903,Rajamangala Institute of Technology,,,
9916,National Chiao Tung University,,,
9954,Kunsan National University,,,
9955,CHEONAN University,,,
9962,Sunchon National University,,,
9970,Korea University of Technology and Education,,,
9975,Gyeongsangbuk-do Education Research Institute,,,
9978,The University of Seoul,,,
9991,Hiroshima Shudo University,,,
10014,Nihon University,,,
10039,Korea Health Industry Development Institute,,,
10045,Hanbat National University,,,
10047,Namseoul university,,,
10053,Anyang Technical College,,,
10070,Korea Research Institute of Standards and Science,,,
10071,anyang University,,,
10073,Korea National Open University,,,
10088,"KWANGWOON University in Seoul, Korea",,,
10110,Manukau Institute of Technology,,,
10148,"The University of Melbourne, Melbourne, Victoria",,,
10156,Seoul National University of Education,,,
10159,HANKUK Aviation University,,,
10176,Taejon Institute of Education Science,,,
10178,Korea Baptist Theological University/Seminary,,,
10180,Chuncheon National University of Education,,,
10187,Korea Information Society Developement Institute,,,
10190,Joongbu University,,,
10197,Chonnam National University,,,
10198,Catholic University of Pusan,,,
10227,Institute Rajabhat Suandusit,,,
10265,Seneca College of Applied Arts and Technology,,,
10294,Coast Community College District,,,
10326,Worcester Polytechnic Institute,,,
10349,Tulane University,,,
10357,James Madison University,,,
10364,University of Alabama in Huntsville,,,
10411,Environmental Systems Research Institute,,,
10421,Texas Tech University,,,
10437,"University of Kentucky, Communication Services",,,
10448,Villanova University,,,
10466,MAGPI c/o University of Pennsylvania,,,
10490,Georgia Institute of Technology,,,
10508,University of Arkansas,,,
10545,Lynchburg College,,,
10546,Mississippi State University,,,
10558,"Biola University, Inc.",,,
10561,Brandeis University,,,
10578,Harvard University,,,
10631,Georgia State University,,,
10715,Universidade Federal de Santa Catarina,,,
10755,Dartmouth College,,,
10849,Dallas County Community College District,,,
10867,Foothill-DeAnza Community College District,,,
10886,University of Maryland,,,
10891,Universal Tax Systems Inc,,,
10952,East Carolina University,,,
10972,"Memorial University, NF CAnet 2 gigaPOP",,,
10988,College of Western Idaho,,,
11009,Carlow University,,,
11032,Universite du Quebec,,,
11039,The George Washington University,,,
11050,Kent State University,,,
11078,Brown University,,,
11094,Rutgers University,,,
11105,Simon Fraser University,,,
11131,University of Maryland Baltimore County (UMBC),,,
11200,Regis University,,,
11214,University of North Florida,,,
11242,Universidade Federal de Santa Catarina,,,
11252,Idaho State University,,,
11257,University of Lethbridge,,,
11279,George Mason University,,,
11293,University of California - Office of the President,,,
11297,Lipscomb University,,,
11318,Georgetown University,,,
11340,Red Universitaria Nacional,,,
11348,Missouri University of Science and Technology,,,
11375,Minneapolis College of Art and Design,,,
11395,Thiel College,,,
11399,Williams College Center for Computing,,,
11417,Northern Illinois University,,,
11442,North Carolina State University,,,
11446,Lakeland Community College,,,
11482,Canisius College,,,
11494,Kellogg Community College,,,
11523,"H. Lee Moffitt Cancer Center & Research Institute, Inc.",,,
11540,Research Triangle Institute,,,
11546,University of Nebraska at Omaha,,,
11548,Heritage University,,,
11570,Eastern New Mexico University,,,
11607,South Dakota State University,,,
11628,Ontario Institute for Cancer Research,,,
11649,Gonzaga University,,,
11659,University of Kansas Medical Center,,,
11694,Universidad Simon Bolivar,,,
11714,University of Nebraska Central Administration,,,
11736,University of South Dakota,,,
11745,University System of New Hampshire,,,
11773,The University Of Texas M.D. Anderson Cancer Center,,,
11808,University of Idaho,,,
11809,Embry-Riddle University,,,
11827,Washington State University,,,
11834,Drexel University,,,
11851,The Michener Institute for Applied Health Sciences,,,
11863,Pacific Lutheran University,,,
11872,Syracuse University,,,
11897,Tulsa Community College,,,
11975,The College of William and Mary,,,
11995,Oregon Health & Science University,,,
12005,University of South Carolina,,,
12013,Florida Atlantic University,,,
12046,University of Malta - IT Services,,,
12093,University of Waterloo,,,
12118,West Virginia University,,,
12145,Colorado State University,,,
12148,Clemson University,,,
12173,The University of Alabama,,,
12218,American Institutes for Research,,,
12229,"SAS Institute, Inc.",,,
12268,Elizabethtown College,,,
12324,Maria Curie-Sklodowska University,,,
12341,Ural State Polzunov College,,,
12346,Maria Curie-Sklodowska University,,,
12384,Swedish University of Agricultural Sciences,,,
12501,"UMDAC, Umea University",,,
12618,University of Technology and Agriculture in Bydgoszcz,,,
12660,Sharif University Of Technology,,,
12675,Alexandru Ioan Cuza University,,,
12691,Donetsk State Technical University,,,
12724,"Prokhorov General Physics Institute, Russian Academy of Sciences, RAS (GPI)",,,
12770,"Pacific National University, Public Institution",,,
12812,American University of Beirut,,,
12828,Institution of the Russian Science Academy Institute of Computational Modeling of Siberian R,,,
12831,"Technical University of Gdansk, Academic Computer Center TASK",,,
12908,Sabanci University,,,
12999,State Educational institution for High professional education 'Far Eastern State University',,,
13032,Kyiv National Taras Shevchenko University,,,
13041,Consorci de Serveis Universitaris de Catalunya,,,
13078,"Computer Technologies Institute,ltd",,,
13102,Istanbul Bilgi Universitesi,,,
13171,Belarusian State University,,,
13185,State University ESPC,,,
13242,Latvijas Lauksaimniecibas Universitate,,,
13293,"Institute of Bioorganic Chemistry Polish Academy of Science, Poznan Supercomputing and Netwo",,,
13303,University of Nis,,,
13326,Tufts University,,,
13327,Eastern Kentucky University,,,
13371,Duke University,,,
13374,D'Youville College,,,
13406,"State College of Florida, Manatee-Sarasota",,,
13429,Medical University of South Carolina,,,
13462,Institute of Electrical and Electronics Engineers,,,
13476,Montana State University,,,
13485,Grand Canyon University,,,
13515,Palm Beach Atlantic University,,,
13548,College of Charleston,,,
13613,LDS Business College,,,
13691,Metropolitan Community College,,,
13712,Saint Marys University of Minnesota,,,
13755,St. Petersburg Jr. College,,,
13759,Wilkes University,,,
13764,Kwantlen Polytechnic University,,,
13783,Radford University,,,
13796,University of Connecticut,,,
13809,University of Arkansas for Medical Sciences,,,
13838,Emerson College,,,
13953,Sauk Valley Community College,,,
13981,Institute for Transfusion Medicine,,,
13995,"Personnel Decisions Research Institutes, Inc.",,,
14041,University Corporation for Atmospheric Research,,,
14048,The University of Memphis,,,
14049,Golden Gate University,,,
14104,University of Texas System,,,
14128,National University,,,
14151,Investment Company Institute,,,
14183,University of Arkansas at Little Rock,,,
14200,Marshall University,,,
14209,University of Tennessee at Chattanooga,,,
14221,University of Washington,,,
14255,University of San Diego,,,
14314,The University of Texas at Brownsville,,,
14319,Furman University,,,
14348,University of Rhode Island,,,
14373,University of Texas Medical Branch,,,
14426,Grant MacEwan University,,,
14431,Umpqua Community College,,,
14433,State University of New York - Oswego,,,
14448,High Point University,,,
14486,Occidental College,,,
14512,Bentley University,,,
14513,Des Moines Area Community College,,,
14518,Sanford-Burnham Medical Research Institute,,,
14529,Saint Joseph's University,,,
14550,Middlebury College,,,
14598,York College of Pennsylvania,,,
14623,Lubbock Christian University,,,
14655,Hampton University,,,
14661,Laurentian University,,,
14706,Monterey Bay Aquarium Research Institute,,,
14737,Colorado Community College and Occupational Education System,,,
14753,Universal Consulting,,,
14760,Murray State University,,,
14763,St. Catherine University,,,
14801,Hawaii Pacific University,,,
14834,University of Illinois at Springfield,,,
14845,Universidad Nacional del Sur,,,
15046,Syracuse University,,,
15116,Pittsburg State University,,,
15118,Southern Illinois University - School of Medicine,,,
15119,Southern Illinois University,,,
15158,Algoma University College,,,
15172,Reinhardt University,,,
15199,Western Washington University,,,
15236,Universidad de Colima,,,
15295,University of Northern Colorado,,,
15318,McGill University,,,
15336,"Concordia University, St. Paul",,,
15337,Wm. Rainey Harper College,,,
15390,Selcuk Universitesi,,,
15396,University of Warsaw,,,
15406,Fatih Universitesi,,,
15488,Universidad del Pais Vasco - Euskal Herriko Unibertsitatea,,,
15496,Aalto University,,,
15505,King Abdulaziz University (KAU) - Deanship of Information Technology,,,
15630,Universidad Nacional de Educacion a Distancia - UNED,,,
15633,Universitat Oberta de Catalunya,,,
15744,"Silesian University of Technology, Computer Centre",,,
15798,"University of Warmia and Mazury in Olsztyn, Poland",,,
15835,ROSNIIROS Russian Institute for Public Networks,,,
15843,Galatasaray Universitesi,,,
15907,Imam Khomeini International University of Qazvin,,,
15913,Institute for Automation and Control Processes of,,,
15980,Uppsala University,,,
16120,Universitatea de Medicina si Farmacie Victor Babes Timisoara,,,
16220,Civil Engineering University of Bucharest,,,
16283,Technical University of Lodz Computer Centre,,,
16286,University of Kashan,,,
16292,Kermanshah University of Medical Science and Health Service,,,
16308,State Educational institution for High professional education 'Southern Federal University',,,
16328,University of Architecture Civil Engineering and Geodesy,,,
16384,St Michael's College,,,
16393,Barry University,,,
16404,Albright College,,,
16430,University of Southern Mississippi,,,
16461,The University of Texas at El Paso,,,
16462,University of Victoria,,,
16475,Brock University,,,
16481,Babson College,,,
16489,Webster University,,,
16519,University of Colorado Denver,,,
16573,Santa Monica Community College District,,,
16580,Athabasca University,,,
16596,Universidad Autonoma del Estado de Baja California,,,
16597,South Plains College,,,
16600,University of Texas Health Science Center at Tyler,,,
16619,Georgia Institute of Technology,,,
16643,Virginia Commonwealth University,,,
16649,Interamerican University of Puerto Rico,,,
16692,Howard Hughes Medical Institute,,,
16738,Logistics Management Institute,,,
16742,Universidad Catolica de Valparaiso,,,
16826,Johnson County Community College,,,
16889,Stevens Institute of Technology,,,
16903,Texas Southern University,,,
16913,Loyola University New Orleans,,,
16919,The College Board,,,
16922,University of Oklahoma HSC,,,
16938,Excelsior College,,,
16989,"The University of Tennessee, Memphis",,,
17001,University of Manitoba,,,
17035,NBCUniversal,,,
17055,University of Utah,,,
17124,South Arkansas Community College,,,
17135,Ohio University,,,
17152,Bates College,,,
17196,College of duPage,,,
17200,Seattle Community College District,,,
17202,Florida Gulf Coast University,,,
17207,Colorado College,,,
17234,Gustavus Adolphus College,,,
17244,McNeese State University,,,
17278,Iona College,,,
17287,Universidad de Carabobo,,,
17309,Roosevelt University,,,
17324,Yeshiva University,,,
17326,Concordia College,,,
17327,Texas State Technical College at Waco,,,
17342,Hillsborough Community College,,,
17364,Soka University of America,,,
17369,Chapman University,,,
17479,Chiang Mai University,,,
17523,Aoyama Gakuin University,,,
17553,Bogor Agricultural University,,,
17595,Korea Institute of Nuclear Safety,,,
17599,Yuhan College,,,
17603,Kumoh National University Technology,,,
17614,Geumgang University,,,
17615,Cheongju University,,,
17687,National University Corporation Nagoya University,,,
17701,Seinan Gakuin University,,,
17712,National Chung Cheng University,,,
17713,National Sun Yat-sen University,,,
17716,National Taiwan University,,,
17721,International Rice Research Institute,,,
17764,The Open University of Hong Kong,,,
17827,Sukhothai Thammathirat Open University,,,
17856,Konyang University,,,
17861,KyungNam College of Information & Technology,,,
17862,Kangwon National University,,,
17866,Korea Institute of Science and Technology,,,
17868,Hyupsung University,,,
17870,Kyung Hee University,,,
17932,Japan Advanced Institute of Science and Technology,,,
17934,National Institute of Information and Communications Technology,,,
17943,Tokyo Denki University,,,
17946,Gifu University,,,
17956,WASEDA University,,,
17960,University of the Ryukyus,,,
18023,Korea Maritime and Ocean University,,,
18026,Cheju National University,,,
18027,namseoul university,,,
18028,GyeongSang National University,,,
18029,Daejeon Helath Sciences College,,,
18031,Sangmyung University,,,
18038,Korea National University of Education,,,
18047,National Tsing-Hua University,,,
18076,Institute of Advanced Media Arts and Sciences,,,
18087,Toyo University,,,
18091,Teikyo University,,,
18124,Okayama University of Science,,,
18128,RIKEN(Physical and Chemical Research Institute),,,
18143,"Mitsubishi Research Institute DCS Co.,Ltd.",,,
18148,Fukuoka University,,,
18163,jinju national university,,,
18164,Mokpo National University,,,
18170,Changwon National University,,,
18173,Aga Khan University,,,
18177,National Cheng Kung University,,,
18181,National Health Research Institutes,,,
18185,National Chiao Tung University,,,
18188,Ateneo de Manila University,,,
18267,Doshisha University,,,
18276,Kansai University,,,
18298,Chungnam National University,,,
18315,Sorabol College,,,
18319,Yeungnam College of Science & Technology,,,
18320,Gwangju National University of Education,,,
18322,Daegu Health College,,,
18323,Seoul National University Bundang Hospital,,,
18324,Masan College,,,
18325,Korea Christian University,,,
18327,Jinju International University,,,
18329,Sangmyung University,,,
18331,Hyechon college,,,
18337,KyungSan University,,,
18340,Korea University,,,
18341,Gumi College,,,
18343,Daegu Technical College,,,
18378,National Institute of Water and Atmosphere,,,
18394,Universitas Pendidikan Indonesia,,,
18420,National Central University,,,
18422,Industrial Technology Research Institute,,,
18454,Augsburg College,,,
18460,Fort Hays State University,,,
18479,Universo Online S.A.,,,
18515,University of Texas at Arlington,,,
18553,University of West Florida,,,
18555,The Art Institute of Chicago,,,
18560,Lamar State College - Orange,,,
18564,"St. John's University, New York",,,
18592,"Corporacion Universitaria para el Desarrollo de Internet, A.C.",,,
18621,The Conestoga College Institute of Technology and Advanced Learning,,,
18660,Kentucky State University,,,
18663,University of the Pacific,,,
18685,Bacharach Institute for Rehabilitation,,,
18693,University of Colorado Hospital,,,
18759,Armstrong Atlantic State University,,,
18777,Texas State University - San Marcos,,,
18791,Texas Christian University,,,
18794,Ramapo College of New Jersey,,,
18795,University of La Verne,,,
18948,New York Medical College,,,
19070,Eastern Illinois University,,,
19096,DeSales University,,,
19106,Andrews University,,,
19119,Rollins College,,,
19138,Sweet Briar College,,,
19153,The University of Tennessee at Martin,,,
19184,University of Wisconsin - Eau Claire,,,
19192,Universidad Central de Venezuela,,,
19200,Universidade Federal do Rio Grande do Sul,,,
19217,IVY Tech Community College of Indiana,,,
19231,NBCUniversal,,,
19321,University Medical Center,,,
19342,Trinity University,,,
19345,Bard College at Simon's Rock,,,
19395,Bucks County Community College,,,
19423,Lethbridge Community College,,,
19464,Washington & Lee University,,,
19564,Lousiana Tech University,,,
19737,Royal Military College of Canada,,,
19763,Fundacao Universidade do Vale do Itajai,,,
19764,Georgian College of Applied Arts & Technology,,,
19782,Indiana University,,,
19856,Brazosport College,,,
19899,Miami Dade College,,,
19923,Shenandoah University,,,
19927,Lone Star College System District,,,
19933,Buffalo State College,,,
19941,Concordia University Chicago,,,
19999,Union College,,,
20039,Baker College,,,
20074,Point Loma Nazarene University,,,
20080,Florida International University,,,
20085,The University of Akron,,,
20105,University of Richmond,,,
20126,University of Cincinnati,,,
20130,Depaul University,,,
20143,Suffolk University,,,
20160,Lamar State College - Port Arthur,,,
20162,University of Texas at Dallas,,,
20177,Emporia State University,,,
20191,Pontificia Universidad Catolica de Chile,,,
20243,University of the Virgin Islands,,,
20247,Mercy College,,,
20252,Joan and Sanford I. Weill Medical College and Graduate School of Medical Sciences of Cornell,,,
20274,Flathead Valley Community College,,,
20286,American College of Cardiology,,,
20306,Adelphi University,,,
20337,SUNY Institute of Technology,,,
20343,Pepperdine University,,,
20379,Baker College,,,
20396,The Fashion Institute of Design and Merchandising,,,
20633,Johann Wolfgang Goethe-Universitat Frankfurt am Main,,,
20719,Birzeit University,,,
20813,Hellenic Open University,,,
21064,"University of Warmia and Mazury in Olsztyn, Poland",,,
21143,Tula State University,,,
21182,Opole University,,,
21274,State Scientific Enterprise 'United Institute of Informatics Problems of National Academy of,,,
21506,Fundação Universidade de Brasília,,,
21569,Dallas Baptist University,,,
21578,Universidad autonoma de Bucaramanga,,,
21582,Northern Arizona University,,,
21603,"Universidad La Salle, AC",,,
21727,Hamline University,,,
21752,The College of St. Rose,,,
21767,Washington College,,,
21784,"Atlanta University Center, Inc.",,,
21795,Mount Saint Mary College,,,
21951,St. Olaf College,,,
22068,Tyler Junior College,,,
22109,Universal Insurance Group,,,
22122,Universidad Autonoma de Yucatan,,,
22159,"State University of New York, Central",,,
22163,Texas A&M University System Health Science Center,,,
22174,State University of New York College ofTechnology at Alfred,,,
22198,Lafayette College,,,
22213,Salk Institute,,,
22215,Black Hills State University,,,
22245,Wichita State University,,,
22303,SUNY College at New Paltz,,,
22323,"University of California, Merced",,,
22342,The Commonwealth Medical College,,,
22388,Indiana University,,,
22441,Whitworth University,,,
22487,Valencia Community College,,,
22559,Genomics Institute of the Novartis Research Foundation,,,
22594,University of Northern Iowa,,,
22607,Des Moines University,,,
22644,Thomas Jefferson University Hospitals,,,
22700,University of San Francisco,,,
22721,Saint Peter's University,,,
22739,Brigham Young University Hawaii,,,
22782,Texas A&M University,,,
22819,Fundação Universidade de Caxias do Sul,,,
22830,University of the District of Columbia,,,
22834,Boston College,,,
22841,Northampton Community College,,,
22845,Virginia Community College System,,,
22847,Bowdoin College,,,
22851,Northern State University,,,
22854,Catawba College,,,
22864,The University of Texas - Pan American,,,
22875,"Life University, INC.",,,
22877,University of MarylandUniversity College,,,
22885,Advertising Specialty Institute,,,
22887,Western Illinois University,,,
22888,Sistema Universitario Ana G. Mendez,,,
22919,Portland Community College,,,
22944,Kentucky Community and Technical College System,,,
22949,Grinnell College,,,
22950,University of Saskatchewan,,,
22968,Miami University,,,
22970,Maine Technical College System,,,
22977,Lamar Institute of Technology,,,
22978,Governors State University,,,
22985,University of Louisiana at Lafayette,,,
22990,The University at Albany,,,
23007,Universidad de Los Andes,,,
23030,University of Houston - Downtown,,,
23082,Michigan Public Health Institute,,,
23102,Robert Morris University,,,
23122,Dakota State University,,,
23140,Universidad de Chile,,,
23171,Manhattan College,,,
23191,Le Moyne College,,,
23193,Community College of Allegheny County,,,
23207,Northwestern State University,,,
23237,McMaster University,,,
23262,Lincoln University,,,
23294,The University of Louisiana at Monroe,,,
23302,South Texas College,,,
23317,Whitman College,,,
23323,Diablo Valley College,,,
23341,Fashion Institute of Technology,,,
23361,"West Virginia University Foundation, Inc.",,,
23484,Pace University,,,
23552,Korea Nazarene University,,,
23553,Institute of Information Technology Assessment,,,
23561,Yongin University,,,
23586,Korean Council for University Education,,,
23615,University of Shizuoka,,,
23623,Chuo University,,,
23681,Paradox Digital ASN on behalf of IT Universe. To provide BGP interconnects to VIX and Parado,,,
23687,The Institute for the Promotion of Teaching Science,,,
23714,Keimyung University,,,
23719,University of Sydney,,,
23743,Keuk Dong University,,,
23770,Tata Institute of Fundamental Research,,,
23781,Toyama University,,,
23793,National Institute of Advanced Industrial Science and Technology,,,
23800,Fukui National College of Technology,,,
23807,Ritsumeikan University,,,
23826,Daido University,,,
23859,University of New South Wales,,,
23862,University of the Philippines Diliman,,,
23905,Victoria University of Wellington,,,
23919,Ramkhamhaeng University,,,
23922,Box Hill Institute of TAFE,,,
23975,Yonam Institute of Digital Technology,,,
23980,Yeungnam University,,,
23983,Daejeon University,,,
24020,"University ITM, Shah Alam, Selangor Malaysia",,,
24027,Chinju National University of Education,,,
24090,Universiti Sains Malaysia (USM),,,
24092,Moore Theological College,,,
24101,University of New England,,,
24248,Wakayama University,,,
24254,Kyoto Sangyo University,,,
24261,Mie University,,,
24264,Kanazawa Institute of Technology,,,
24268,National University Corporation Shizuoka University,,,
24287,National Institute of Informatics,,,
24297,Osaka Prefecture University,,,
24314,University Pendidikan Sultan Idris,,,
24328,Yala Rajabhat University Education,,,
24344,Chiangmai Rajabhat University,,,
24390,University of the South Pacific,,,
24398,Auckland University of Technology,,,
24433,Central Queensland University,,,
24434,James Cook University,,,
24436,University of Queensland,,,
24437,University of Western Australia,,,
24453,Chandrakasem Rajabahat University,,,
24526,Bina Nusantara University,,,
24620,Rigas Tehniska Universitate,,,
24683,State Educational Institution of Higher Professional Education Orenburg State University,,,
24839,Universitatea Babes-Bolyai,,,
24848,Kielce University of Technology,,,
24893,National University Lviv Politechnika,,,
24922,Hacettepe Universitesi,,,
24924,Non-commercial 'Partnership Institute of professional accountants and auditors of Russia',,,
25072,Institutet for Rymdfysik,,,
25304,Universitatea TRANSILVANIA Brasov,,,
25326,Constantin Brancoveanu University,,,
25371,"Keldysh Institute of Applied Mathematics, Russian Academy of Sciences",,,
25468,Rzeszow University of Technology,,,
25503,Odessa National Polytechnic University,,,
25565,Netanya Academic College,,,
25584,Opole University,,,
25631,Gallaudet University,,,
25635,Southern Alberta Institute of Technology,,,
25656,The University of Mississippi,,,
25680,Eastern Mennonite University,,,
25691,Connecticut State University System,,,
25709,Lamar University,,,
25728,Lambton College of Applied Arts and Technology,,,
25776,University of Oklahoma,,,
25778,The Urban Institute,,,
25789,Loyola Marymount University,,,
25816,Touro College,,,
25826,University of Ottawa,,,
25833,The Ontario College of Teachers,,,
25963,Tarrant County College District,,,
25968,Southeastern Louisiana University,,,
25969,St. Louis University,,,
25978,Rush University Medical Center,,,
26002,Southern University,,,
26013,Ave Maria University,,,
26020,Space Telescope Science Institute,,,
26026,Butler University,,,
26046,Utah State University,,,
26069,Alvernia University,,,
26071,Lakehead University,,,
26087,Gardner-Webb University,,,
26174,Saginaw Valley State University,,,
26206,University of Regina,,,
26255,Oakton Community College,,,
26333,University of New Orleans,,,
26335,Middle Tennessee State University,,,
26367,Bradley University,,,
26397,"The Regents of the University of California - University of California, San Diego.",,,
26438,Monroe Community College,,,
26483,The American Institute of Architects,,,
26488,Santa Clara University,,,
26557,Carleton College,,,
26569,CollegeNET,,,
26605,Universidad Industrial de Santander - UIS,,,
26609,Universal Telecom S.A.,,,
26610,Universidad Tecnica Federico Santa Maria,,,
26633,Texas Woman's University,,,
26682,Green Mountain College,,,
26699,Muhlenberg College,,,
26783,Maricopa County Community College District,,,
26808,Utica College,,,
26851,Palm Beach State College,,,
26883,Morehouse College,,,
26906,Edison State College,,,
26934,University of Missouri-Columbia,,,
26946,Kirkwood Community College,,,
26971,University of Texas,,,
27031,Southwest College of Naturopathic Medicine & Health Sciences Inc.,,,
27167,Ferrum College,,,
27219,SUNY College at Cortland,,,
27236,Cleveland Heights University Heights City Schools,,,
27274,Central Michigan University,,,
27282,North Idaho College,,,
27296,"Wilmington University, Inc.",,,
27304,Loras College,,,
27314,Hope International University,,,
27316,Eastern Iowa Community College District,,,
27405,Plymouth State College,,,
27422,Tennessee State University,,,
27560,Universal Leaf Tobacco Company Inc.,,,
27594,University of Texas at San Antonio,,,
27595,Columbia College Chicago,,,
27604,Seton Hill University,,,
27609,USC-University Hospital,,,
27654,Universidad Francisco Marroquin,,,
27686,Universidad Centro Occidental Lisandro Alvarado,,,
27770,Universidad Nacional de Rio Cuarto,,,
27790,Universidad Nacional de Cordoba,,,
27791,Universidad Ricardo Palma,,,
27820,Universidad Tecnica Particular de Loja,,,
27828,Universidad Mayor de San Andres,,,
27872,Universidad Dr. Rafael Belloso,,,
27875,Universidad Nacional de Cuyo,,,
27883,Universidad Tecnologica Nacional,,,
27890,Universidad de Oriente,,,
27891,Universidad Pedagógica Experimental Libertador,,,
27892,Universidad del Zulia,,,
27893,Universidad de Carabobo,,,
27922,Smithsonian Tropical Research Institute,,,
27933,Universidad Galileo,,,
27981,Universidad Nacional de Mar del Plata,,,
27993,Universidad Nacional del Litoral,,,
28039,Universidad EAN,,,
28068,Universidad Nacional de San Luis,,,
28116,Universidad de Adolfo Ibanez,,,
28382,"Universidad Iberoamericana, A.C.",,,
28390,Universidad Autonoma de Nayarit,,,
28391,Universidad Juarez Autonoma de Tabasco,,,
28493,Universidad Pedagogica Nacional,,,
28505,"Universidad Regiomontana, A.C.",,,
28519,"Universidad Autonoma de Guadalajara, A.C.",,,
28526,Universidad Autonoma del Estado de Mexico,,,
28579,Fundacao Universidade do Sul de Santa Catarina,,,
28614,Fundacao Universidade Regional de Blumenau,,,
28678,Technical University of Koszalin,,,
28797,Technical University of Koszalin,,,
28800,State Educational Institution of Higher Professional Education Moscow State Institute of a R,,,
28804,National University Kievo-Mohylanska Academia,,,
28821,College of the North Atlantic Qatar,,,
28830,Bilotcerkivskiy National Agrarian University,,,
28899,Autonomous Institution of the Khanty-Mansi Autonomous Okrug Ugra Ugra Research Institute of ,,,
28933,"University of Ljubljana, Faculty of Electrical Engineering",,,
28949,Technical University of Sofia,,,
29068,University of Tehran Informatics Center,,,
29095,National Taras Shevchenko University of Kyiv,,,
29195,North-Caucasian Institute of Mining and Metallurgical,,,
29289,Georgian Technical University,,,
29345,Institute of Mathematics and Computer Science of University of Latvia,,,
29407,GOU WPO Siberian State University of Telecommunication And Informatics,,,
29484,Ruhr-Universitaet Bochum,,,
29493,Federal State Budget Institution Petersburg Institute of Nuclear Physics of B.P. Konstantino,,,
29574,Vinnytsia National Technical University,,,
29577,Isfahan University of Technology,,,
29581,State Educational Institution of higher professional Education 'Altay State University',,,
29599,Zaporizhzhe National Technical University,,,
29683,Vinnica State Medical University of M.I.Pirogov,,,
29773,Carleton University,,,
29781,"ECPI Colleges, Inc.",,,
29825,Illinois Institute of Technology,,,
29842,East Tennessee State University,,,
29848,West Chester University,,,
29867,Fairfield University,,,
29871,Savannah College of Art and Design,,,
29917,Keene State College,,,
29923,Northland Pioneer College,,,
29955,Washburn University,,,
29959,University of Wisconsin Credit Union,,,
29984,Willamette University,,,
29993,North Central College,,,
30012,"Universal Music Group, INC.",,,
30045,University Health Network,,,
30054,The College of Westchester,,,
30154,Davenport University,,,
30178,College of Southern Idaho,,,
30231,Arcadia University,,,
30256,Acadia University,,,
30267,Universal Executive Centers,,,
30335,Walla Walla University,,,
30376,College of St. Scholastica,,,
30387,National Institutes of Health,,,
30408,Arkansas State University,,,
30499,Youngstown State University,,,
30543,Treasure Valley Community College,,,
30557,American Association of University Women,,,
30564,Louisiana State University in Shreveport,,,
30569,Creighton University,,,
30618,Lee University,,,
30629,Lewis & Clark College,,,
30674,Baylor University,,,
30679,California State Polytechnic University - Pomona,,,
30681,John Carroll university,,,
30682,"eCollege.com, Inc.",,,
30703,"State University of New York, Health Science Center at Syracuse",,,
30778,Kielce University Of Technology,,,
30812,State Educational Institution of Higher Professional Education Mari State University,,,
30847,Lancaster University Network Services Limited,,,
30869,State Educational Institution of Higher Professional Education Moscow State Railway Universi,,,
31011,University of Chemical Technology And Metallurgy,,,
31145,State Higher Educational Institution 'Precarpathian National University of Vasyl Stefanyk',,,
31206,National University Of Food Technologies,,,
31344,Federal State Unitary Enterprise 'State Scientific Center of Russian Federation Institute of,,,
31369,National Social Security Institute,,,
31575,National Research University of Electronic Technology,,,
31649,ROSNIIROS Russian Institute for Public Networks,,,
31689,Eastern Mediterranean University,,,
31704,Private American Robert College,,,
31707,MAI - Moscow Aviation Institute (National Research University),,,
31746,Franklin and Marshall College,,,
31766,University of Puget Sound,,,
31782,Wilfrid Laurier University,,,
31822,City University of New York,,,
31828,Seton Hall University,,,
31871,Graceland University,,,
31886,University of Guelph,,,
31921,Malone University,,,
31967,Florida Institute of Technology,,,
31983,Queen's University,,,
31986,Sanford-Burnham Medical Research Institute at Lake Nona,,,
31999,Lake Sumter State College,,,
32012,Corinthian College,,,
32064,American University,,,
32071,Western Kentucky University,,,
32082,Bridgewater State College,,,
32093,University of Texas at Austin,,,
32120,Memorial Health University Medical Center,,,
32125,Wheaton College,,,
32136,Farmingdale State College,,,
32156,Humber College,,,
32178,Sinclair Community College,,,
32189,Universidad del Sagrado Corazon,,,
32229,Jackson State University,,,
32234,University of Dayton,,,
32250,Niagara College of Applied Arts and Technology,,,
32285,Henry Ford College,,,
32347,Sir Sandford Fleming College of Applied Arts and Technology,,,
32389,Berklee College of Music,,,
32417,Elon University,,,
32432,"Colleges of the Fenway, Inc.",,,
32438,Michigan State University Federal Credit Union,,,
32450,Thomas Edison State College,,,
32464,University Of Illinois College Of Medicine At Peoria,,,
32480,Loma Linda University Medical Center,,,
32531,Fordham University,,,
32539,Weill Cornel Medical College in Qatar,,,
32601,Abilene Christian University,,,
32638,Trent University,,,
32666,Case Western Reserve University,,,
32692,Chaminade University of Honolulu,,,
32707,University Hospitals Health System,,,
32716,Northern Lakes College,,,
32726,Liberty University,,,
32733,University of Dayton,,,
32744,Montgomery County Community College,,,
32756,Cambrian College of Applied Arts & Technology,,,
32762,Sault College of Applied Arts & Technology,,,
32817,Northern College of Applied Arts & Technology,,,
32818,Cleveland State University Computer Services,,,
32820,Nipissing University,,,
32831,Roswell Park Cancer Institute,,,
32876,Lycoming College,,,
32907,University of St. Thomas,,,
32971,Howard Community College,,,
33004,Empire State College,,,
33019,Wheaton College,,,
33022,Wellesley College,,,
33030,College of Wooster,,,
33091,University of Calgary,,,
33096,Bow Valley College,,,
33148,Texas State University - San Marcos,,,
33170,Morgan State University,,,
33187,Sam Houston State University,,,
33246,Bethany Lutheran College,,,
33275,Kennedy Memorial Hospitals - University Medical Center,,,
33314,Vancouver Community College,,,
33344,American Petroleum Institute,,,
33389,College Boreal,,,
33401,Central Piedmont Community College,,,
33427,Washington State University,,,
33455,Northwestern College,,,
33460,Waubonsee Community College,,,
33503,Medical College of Wisconsin,,,
33523,Rowan University,,,
33545,Bard College,,,
33575,The Franklin Institute Science Museum,,,
33608,Hood College,,,
33629,Northern Kentucky University,,,
33632,Morehead State University,,,
33636,Wofford College,,,
33670,Nova University,,,
33683,University of the Incarnate Word,,,
33692,Macalester College,,,
33703,Hofstra University,,,
33819,Vladivostok State University of Economics,,,
33847,The Petroleum Institute,,,
34321,Institute of strategic marks,,,
34479,Institute of Computational Technologies of SB RAS,,,
34604,Institute of Soil Science and Plant Cultivation,,,
34707,State Educational Institution of higher professional Education 'Kemerovo State University',,,
34776,National Aviation University,,,
34849,Federal State Institution of Higher Professional Education Peoples Friendship University of ,,,
34862,Institution of Russian academy of sciences Kotel'nikov Institute of Radio Engineering and El,,,
34878,Karlsruhe Institute of Technology (KIT),,,
35043,Allameh Tabataba'i University,,,
35052,Vienna University,,,
35385,Al Quds Open University,,,
35656,Jordanian Universities Netwotk L.L.C.,,,
35764,State Institution Arctic and Antarctic Research Institute,,,
35904,University of Phoenix,,,
35992,Dean College,,,
36041,Savannah College of Art and Design,,,
36094,Worcester State University,,,
36101,Azusa Pacific University,,,
36170,Westmont College,,,
36191,West Virginia Medical Institute,,,
36228,Lancaster Bible College,,,
36269,University of Scranton,,,
36279,Misericordia University,,,
36319,NorthShore University HealthSystem,,,
36368,Oberlin College,,,
36375,University of Michigan,,,
36378,New York Institute of Technology,,,
36390,Cuyahoga Community College,,,
36391,TRIUMF (Tri-University Meson Facility),,,
36396,Schoolcraft College,,,
36407,Software Engineering Institute,,,
36413,Loyola University Maryland,,,
36427,Vassar College,,,
36441,University of Georgia,,,
36450,University of Texas System Administration,,,
36538,San Jacinto College District,,,
36633,Voorhees College,,,
36639,Universal American Financial,,,
36658,Angelo State University,,,
36660,Samuel Merritt College,,,
36691,Colorado State University-Pueblo,,,
36701,Stetson University,,,
36748,St. Edwards University,,,
36786,Universite Laval,,,
36831,Xavier University,,,
36843,Florida State University,,,
36850,University of North Carolina at Chapel Hill,,,
37074,University of Ghana,,,
37218,University-of-Dodoma,,,
37895,Ryukoku University,,,
37910,Chubu University,,,
37914,Advanced Software Technology & Mechatronics Research Institute of KYOTO,,,
37917,University of Tsukuba,,,
37920,Shiga University,,,
37932,Rajamangala University of Technology Isan,,,
37984,"Chikushi Jogakuen University, Non-transit AS.",,,
37992,Thammasat University in thailand,,,
38021,Network of Indian Institute of Foreign Trade,,,
38043,"Sophia Reserch Institute, Ltd.",,,
38083,Curtin University,,,
38110,Chungwoon University,,,
38131,Mokpo National Maritime University,,,
38140,NZ Forest Research Institute Ltd,,,
38142,Universitas Airlangga,,,
38153,Universitas Pelita Harapan,,,
38265,Sisaket Rajabhat University,,,
38280,Monash University Sunway Campus Malaysia,,,
38305,The University of Otago,,,
38319,"Lincoln University, Canterbury, New Zealand",,,
38422,Seowon University,,,
38635,Keio University,,,
38641,Osaka Sangyo University,,,
38668,Konkuk University Hospital,,,
38685,Korea Ocean Research & Development Institute,,,
38695,bucheon university,,,
38727,Ha Noi University of Technology,,,
38844,National Taiwan Normal University,,,
38845,Fu Jen Catholic University,,,
38847,National Chung Hsing University,,,
38849,Shu-Te University,,,
38868,Universiti Putra Malaysia AS,,,
38931,Universal Business Information Systems LLC,,,
39031,Paris-Sorbonne University Abu Dhabi,,,
39131,State Educational Institution of higher professional Education Dagestan State University,,,
39815,Lucian Blaga University of Sibiu,,,
39857,Aalto University Student Union,,,
39866,Saint-Petersburg University of Engineering and Economics,,,
39873,Rzeszow University of Technology,,,
39943,St. Francis College,,,
39954,Gateway Technical College,,,
39975,"Universal Data, Inc.",,,
40007,St. Francis Xavier University,,,
40038,Moraine Valley Community College,,,
40102,Montgomery College.,,,
40119,Northern Alberta Institute of Technology,,,
40143,"University of Technology, Jamaica",,,
40149,University of Bridgeport,,,
40166,Daemen College,,,
40204,Jacksonville State University,,,
40220,Virginia Polytechnic Institute and State Univ.,,,
40245,Wake Forest University,,,
40246,New Mexico State University,,,
40267,Passaic County Technical Institute,,,
40272,Allen Institute for Brain Science,,,
40326,Eckerd College,,,
40373,"University Medical Center, Inc",,,
40385,Saint Mary's College of California,,,
40387,University of Illinois,,,
40421,Providence College,,,
40486,College Center for Library Automation,,,
40497,Bethel University,,,
40508,Mid America Nazarene University,,,
40591,Bucknell University,,,
40615,University Health System,,,
40625,Jefferson Community College,,,
40660,Universite du Quebec a Trois-Rivieres,,,
40684,St. Clair County Community College,,,
40710,College of Lake County,,,
40722,California Institute of the Arts,,,
40723,The University of Virginia's College at Wise,,,
40735,HudsonAlpha Institute for Biotechnology,,,
40750,National College Services,,,
40944,Mass College of Liberal Arts,,,
40947,Franklin W. Olin College Of Engineering,,,
40981,University of Montenegro,,,
41116,Ashkelon Academic College,,,
41346,Al-Quds University,,,
41347,Islamic University of Gaza,,,
41620,Iran University Of Science and Technology,,,
42048,Siberian Federal University,,,
42112,Universal Bank PJSC,,,
42139,ROSNIIROS Russian Institute for Public Networks,,,
42289,"Saint-Petersburg State University of Information Technologies, Mechanics and Optics",,,
42307,Swedish Meteorological and Hydrological Institute,,,
42385,ROSNIIROS Russian Institute for Public Networks,,,
42506,Palestine Polytechnic University (PPU),,,
42728,ROSNIIROS Russian Institute for Public Networks,,,
42907,Research Institute Of Petroleum Industry,,,
43206,Ternopil Ivan Pul'uj National Technical University,,,
43213,ROSNIIROS Russian Institute for Public Networks,,,
43497,State Enterprise 'State Scientific-Research Institute for Automation Systems in Construction,,,
43528,Universal Telecom Experts SL,,,
43832,ROSNIIROS Russian Institute for Public Networks,,,
43965,Tehran University of Medical Science,,,
44304,Ternopil Ivan Puluj National Technical University,,,
44358,Kauno Technologijos Universitetas,,,
44522,ROSNIIROS Russian Institute for Public Networks,,,
44597,ROSNIIROS Russian Institute for Public Networks,,,
44609,Fars News Agency Cultural Arts Institute,,,
44805,New Bulgarian University,,,
45018,ROSNIIROS Russian Institute for Public Networks,,,
45029,ROSNIIROS Russian Institute for Public Networks,,,
45138,Christchurch Polytechnic Institute,,,
45140,Christ College Christchurch ASN,,,
45209,"University of the Philippines, Los Banos Campus",,,
45213,University of Southern Queensland,,,
45249,Waikato Institute of Technology,,,
45293,Universitas Terbuka,,,
45319,Universitas Bhayangkara,,,
45340,B.M.S College Of Engineering,,,
45344,International Islamic University Of Malaysia,,,
45379,Ulsan National Institute of Science and Technology,,,
45389,Jeonlabukdo Education Research Information Institute,,,
45542,VietNam National University Ha Noi,,,
45575,Rajamangala University of Technology Srivijaya,,,
45600,"University of the Philippines, Manila",,,
45673,Osaka Electro-Communication University,,,
45685,Rikkyo Gakuin Rikkyo University,,,
45688,The University of Tokyo Interfaculty Initiative in Information Studies,,,
45697,Universitas Surabaya,,,
45807,Emergency Medical institute Of Thailand,,,
45810,"University of Nottingham, Malaysia Campus",,,
45832,"Enderun Colleges, Inc.",,,
45847,"university network ,Nakornsitammarat, Thailand",,,
45854,"2nd Floor, Universal Building Mill Compound",,,
45962,James Cook University,,,
45963,KIRAMS (Korea Institute of Radiological & Medical Sciences),,,
45971,Financial Security Institute,,,
46012,Induk University,,,
46019,Universitas Brawijaya,,,
46042,Gunadarma University,,,
46044,Universitas Padjadjaran,,,
46049,Universitas Diponegoro,,,
46057,Universitas Muhammadiyah Malang,,,
46059,Universitas Negeri Malang,,,
46079,Sripatum Univeristy is one university in Thailand in Bangkok,,,
46094,Lee College,,,
46103,University of Wisconsin Whitewater,,,
46110,Chemeketa Community College,,,
46115,Luther College,,,
46149,University of Southern Indiana,,,
46150,Southern New Hampshire University,,,
46184,NorQuest College,,,
46243,Universal Debit And Credit Corp,,,
46305,"Universal Audio, Inc.",,,
46310,The Scripps Research Institute,,,
46357,California Polytechnic State University,,,
46358,University of Advancing Technology,,,
46363,Holy Family University,,,
46417,Baker College,,,
46418,Baker College,,,
46419,Baker College,,,
46420,Baker College,,,
46464,Atlantic Union College,,,
46476,Texas Tech University Health Sciences Center,,,
46477,Perimeter Institute,,,
46512,University of Tennessee Medical Center,,,
46543,University of Maryland at Baltimore,,,
46551,Michigan State University Federal Credit Union,,,
46563,Stonehill College,,,
46576,Loews Hotels at Universal Orlando,,,
46643,Virginia College Savings Plan,,,
46662,Boise State University,,,
46722,Bryant University,,,
46729,Saint Leo University,,,
46749,Stanford University,,,
46750,Stanford University,,,
46755,Columbia College,,,
46764,University of the West Indies,,,
46780,Saint John's University - College of Saint Benedict,,,
46783,"Eisai Research Institute of Boston, Inc",,,
46832,University of Missouri - dba the Missouri Research and Education Network (MOREnet),,,
46871,Oakland Community College,,,
46905,University of Massachusetts - Lowell,,,
46924,Bob Jones University,,,
46964,"The Broad Institute, Inc.",,,
47025,Gary and Mary West Wireless Health Institute,,,
47050,Texas A&M International University,,,
47052,Baker College,,,
47124,Ryazanskiy State University,,,
47170,Joint stock company Scientific Research Institute of Applied Information Technologies,,,
47174,Technical University of Varna,,,
47212,Republic of Macedonia State University GOCE DELCEV Stip,,,
47321,Interregional Social Foundation Institute of engineering physics,,,
47445,ROSNIIROS Russian Institute for Public Networks,,,
47610,RWTH Aachen University,,,
47623,Institute for Informatics and Automation Problems of National Academy of Sciences of the Rep,,,
47742,Univers Net Com SRL,,,
47743,Usikov Institute of Radiophysics and Electronics of National Academy of Sciences of Ukraine,,,
47799,National I.I. Mechnikov University of Odessa,,,
47862,Khalifa University for Science Technology and Research,,,
48032,Universal Media Network Ltd,,,
48062,Riga Stradins University,,,
48150,Pontifical Lateran University,,,
48155,University of Ruse Angel Kanchev,,,
48379,I.M.Gubkin Russian State University of Oil and Gas,,,
48429,Ural State University of Economics,,,
48434,Tebyan-e-Noor Cultural-Artistic Institute,,,
48665,Bukovinian State Medical University,,,
48822,Universum bit Ltd.,,,
49339,GOU VPO Yugorskiy State University,,,
49373,JSC Universal Card Technologies,,,
49521,The Ural State Law University,,,
49554,P.P.Shirshov Institute of Oceanology RAS,,,
49638,Consorci de Serveis Universitaris de Catalunya,,,
49929,State Technological University Moscow Institute of Steel and Alloys Telecommunications Cente,,,
50195,University of Maribor,,,
50237,"The College of Management, Academic Studies, Founded by the Union Officials in Tel Aviv, Cor",,,
50276,State educational institution of higher education of Chemical Technology University named af,,,
50483,State Educational Insitution of Higher Professional Education Kazan State Technical Universi,,,
50517,King Saud University,,,
50569,Institute for Software Systems of National Academy of Sciences of Ukraine,,,
50595,"Hochschule RheinMain, University of Applied Sciences, Wiesbaden Ruesselsheim Geisenheim",,,
50602,Khalifa University for Science Technology and Research,,,
50744,The Max Stern Academic College of Emek yezreel ltd.,,,
50895,"Institute of the New Information Technologies, CJSC",,,
50934,Belarussian National Technical University,,,
50990,Universitatea Spiru Haret,,,
50999,King Abdullah University of Science and Technology,,,
51039,Federal State Unity Enterprise All-Russian Electrotechnical Institute of V.I. Lenin,,,
51172,Kauno technologijos universitetas,,,
51182,The United Arab Emirates University,,,
51352,State Educational Institution of higher professional Education 'Vladimir State University',,,
51539,The American University of Iraq-Sulaimani,,,
51652,National University of Life and Environmental Sciences of Ukraine,,,
51708,Libera Universita di Bolzano,,,
51751,Saratov State Tehnical University,,,
51869,State educational institution of further education Northwestern State Medical University nam,,,
51946,University of Newcastle upon Tyne,,,
51955,Institute of Mathematics and Computer Science of University of Latvia,,,
52216,The American University in Dubai,,,
52314,Universidad Nacional del Noroeste de Buenos Aires (UNNOBA),,,
52343,Universidad Tecnologica Equinoccial,,,
52411,Universidad del Desarrollo,,,
52424,Universidad Nacional de Entre Ríos,,,
52440,Universidad de La Punta,,,
52442,Universidad Nacional de Luján,,,
52467,Universidad de Ibague,,,
52488,Universidad Pontificia Bolivariana,,,
53260,Clark University,,,
53263,Grand Rapids Community College,,,
53355,Concordia University Wisconsin,,,
53403,Mount Royal University,,,
53450,University of Arkansas at Monticello,,,
53566,The George Brown College of Applied Arts and Technology,,,
53568,Franklin University,,,
53575,Austin College,,,
53577,Ursinus College,,,
53604,University of Arkansas at Pine Bluff,,,
53695,Southern Illinois University at Edwardsville,,,
53701,Trinity Washington University,,,
53748,University Medical Center of Southern Nevada,,,
53750,Neumann University,,,
53785,University of North Carolina at Greensboro,,,
53809,Texas Tech University Health Sciences Center at El Paso,,,
53859,"Universal Remote Control, Inc.",,,
53862,McDaniel College,,,
53875,Texas A&M University,,,
53979,Eastern Florida State College,,,
54024,CFA Institute,,,
54025,Capella University,,,
54032,Seattle Pacific University,,,
54040,NBCUniversal,,,
54070,Ontario College of Art & Design University,,,
54072,Central Community College,,,
54079,Bennington College,,,
54162,Aurora University,,,
54177,St. John Fisher College,,,
54226,SUNY College of Optometry,,,
54257,Vermont State Colleges,,,
54261,Pasco-Hernando State College,,,
54307,Alberta College of Art and Design,,,
54341,"University of Louisville Physicians, Inc.",,,
54365,Samueli Institute,,,
54375,Centre College,,,
54393,Fort Lewis College,,,
54397,Lakefield College School,,,
54482,"New England Research Institutes, Inc.",,,
54485,Philadelphia College of Osteopathic Medicine,,,
54536,Adams State College,,,
54654,Mills College,,,
54658,College of the North Atlantic,,,
54677,Hardin-Simmons University,,,
54689,University of the Cumberlands,,,
54690,California Lutheran University,,,
54762,Ashland University,,,
54848,Universidad Central del Caribe,,,
55024,Walters State Community College,,,
55033,University of the West Indies,,,
55113,University of Redlands,,,
55187,Assumption College,,,
55194,Bowling Green State University,,,
55209,Hackensack University Medical Center,,,
55284,Universal Service Administrative Company,,,
55379,Hosei University,,,
55380,Kanazawa University,,,
55384,Japan Advanced Institute of Science and Technology,,,
55390,Tokyo University of Science,,,
55488,Nakorn Ratchasima Rajabhat University,,,
55516,Universal College of Learning,,,
55545,Suranaree University of Technology,,,
55566,Inter University Centre for Astronomy and Astrophysics,,,
55589,Korea Institute of Industrial Technology,,,
55596,Gachon University Gil Hospital,,,
55607,Dongguk University Ilsan Hospital,,,
55621,Jeonju National University Of Education,,,
55625,Chungwoon University,,,
55626,Kyungin Womens college,,,
55627,dongduk university,,,
55670,PT. Universal Broadband,,,
55672,Universitas Sanata Dharma,,,
55674,Universitas Negeri Yogyakarta,,,
55680,Kantor Sistem Informasi Universitas Atma Jaya Yogyakarta,,,
55684,Universitas Sebelas Maret,,,
55687,Universitas Tanjungpura,,,
55691,Universitas Multimedia Nusantara,,,
55694,Universitas Ciputra,,,
55695,Universitas Islam Negeri Sunan Kalijaga Yogyakarta,,,
55697,Universitas Sumatera Utara,,,
55746,Western Institute of Technology at Taranaki,,,
55747,Southern Institute of Technology,,,
55837,Australian and New Zealand College of Anaesthetists,,,
55856,Universiti Malaysia Sarawak,,,
55904,KOGAKUIN University,,,
55908,"Nomura Research Institute,Ltd.",,,
55909,Kochi National College of Technology,,,
55910,Shibaura Institute of Technology,,,
55912,University of Kochi,,,
56031,Bangladesh University of Engineering and Technology,,,
56032,University of Dhaka,,,
56132,Monash University,,,
56190,ACME Universal Co.,,,
56200,Guam Community College,,,
56237,Universitas Lampung,,,
56357,Technische Universitaet Muenchen,,,
56434,State Educational Institution of higher professional Education 'Penza State University',,,
56479,Higher Colleges of Technology,,,
56714,Dammam University,,,
56765,shahid beheshti university,,,
56777,Joint Stock Company Science research institute for precise instruments,,,
56822,Universal Telecom Experts S.L,,,
57143,Abu Dhabi University LLC,,,
57163,Zayed University,,,
57171,American University of Sharjah,,,
57438,Krasnoyarsk State Medical University,,,
57563,Isfahan University of Medical Science and Health Service,,,
57702,Masdar Institute of Science and Technology - MIST,,,
57745,Tarbiat Modares University,,,
57867,"Moscow State University of Economics, Statistics and Informatics",,,
57961,Qendra Nderuniversitare e Sherbimeve dhe Rrjeti Telematik,,,
58063,Voronezh State Technical University,,,
58104,University of Isfahan,,,
58283,Institute of Applied Technology,,,
58375,Universitas Udayana,,,
58400,Universitas Negeri Semarang,,,
58456,"Institute of Engineering, Pulchowk Campus",,,
58475,Universitas Lambung Mangkurat,,,
58479,Trisakti University,,,
58492,Universitas Islam Sultan Agung,,,
58556,PT Universal Komunikatama,,,
58611,Charles Darwin University,,,
58647,Kagawa University,,,
58652,Kochi University,,,
58686,Swinburne University of Technology,,,
58784,Rissho University,,,
58785,Tohoku Gakuin University,,,
58818,Universitas Muhammadiyah Yogyakarta,,,
58822,Universitas Negeri Surabaya,,,
58824,Universitas Negeri Medan,,,
58877,Charles Sturt University,,,
59089,NO.18 Building University of Technology,,,
59091,Kanagawa Institute of Technology,,,
59096,Meiji Gakuin University,,,
59104,Soka University,,,
59111,Akita International University,,,
59131,Universitas Katolik Soegijapranata,,,
59138,Universitas STIKUBANK,,,
59163,GLA University,,,
59263,Universiti Malaysia Terengganu,,,
59275,Universitas Muhammadiyah Surakarta,,,
59506,Fars Province University of Medical Science and Health Care Services,,,
59561,FGBOU VPO Tolyattinskiy gosudarstvennyiy universitet,,,
59624,Federal State Institution Russian Scientific Center Kurchatovsky institute,,,
59648,Sha'arei-Mishpat-college,,,
59794,Amirkabir University Of Technology,,,
59912,University of Zanjan,,,
59962,Shiraz University,,,
60161,Salman Bin Abdulaziz University,,,
60183,CyberSpace Research Institute,,,
60241,High-Speed Universal Broadband Services C.I.C.,,,
60333,The University of Manchester,,,
60744,A.V. Luikov Heat and Mass Transfer Institute of the National Academy of Sciences of Belarus,,,
60918,Kharkiv National Automobile and Highway University,,,
60928,Samara State Technical University,,,
61137,Khalifa University for Science Technology and Research,,,
61209,University of Sistan and Baluchestan,,,
61248,Ferdowsi University of Mashhad,,,
61486,Universidad Nacional de Quilmes,,,
62048,Avini cultural and Art Institute,,,
62124,Universal Card Systems SA,,,
62138,Aarhus Universitet,,,
62229,Fars News Agency Cultural Arts Institute,,,
62264,All-Russian Research Institute of Hydrometeorological Information-World Data Center (RIHMI-W,,,
62402,University of Qatar,,,
62452,Al-Imam Muhammad Ibn Saud Islamic University,,,
62585,Messiah College,,,
62671,University of Colorado System,,,
62692,Camosun College,,,
62736,"Landmark College, Inc",,,
62779,American College of Cardiology,,,
62810,SUNY College at Oneonta,,,
62822,Centenary College,,,
62984,Westmoreland County Community College,,,
62988,Art Center College of Design,,,
62989,Indiana University of Pennsylvania,,,
63073,The University of Tampa,,,
63130,National-Louis University,,,
63177,StudentUniverse.com INC,,,
63204,The New Mexico Military Institute,,,
63207,"Lakeshore Bone & Joint, Institute P.C.",,,
63274,West Virginia State University,,,
63276,Champlain College,,,
63319,Fairleigh Dickinson University,,,
63358,"Ascensus College Savings, Inc",,,
63402,Universal Orlando,,,
63491,Universitas Katolik Widya Mandala,,,
63510,Syiah Kuala University (Unsyiah),,,
63848,De La Salle-College of Saint Benilde,,,
63877,PT Universal Internet Service,,,
63886,Universitas Pembangunan Nasional Veteran Yogyakarta,,,
64090,Wesley College,,,
131146,Chang Gung University,,,
131158,"Nara Institute of Science and Technology, National University Corporation",,,
131159,Yamagata University,,,
131221,Petchaburi Rajabhat University,,,
131226,Indian Institute Of Technology Roorkee,,,
131245,University of the Philippines,,,
131246,"LOEI university network ,LOEI, Thailand",,,
131257,"Suratthani ratjabhat university, Thailand",,,
131281,"University of the Philippines, Visayas Cebu Campus",,,
131357,DUYTAN University,,,
131397,Hanoi Medical University,,,
131475,Singapore Institute of Technology,,,
131703,Universitas Negeri Jakarta,,,
131734,Universitas Islam Negeri Syarif Hidayatullah Jakarta,,,
131754,Universitas Mulawarman,,,
131781,Universitas Islam Negeri Maulana Malik Ibrahin (UIN Maliki),,,
131895,Okinawa Institute of science and technology,,,
131897,"National University Corporation ,Ehime University",,,
131903,"Nomura Research Institute,Ltd.",,,
132250,Princess of Naradhiwas University,,,
132482,Rajamangala University of Technology Rattanakosin,,,
132483,"University of the Philippines System Network, Diliman, Quezon City, Philippines",,,
132494,Universiti Tun Hussein Onn Malaysia,,,
132500,University Corporation for Advanced Internet Development,,,
132524,Tata Institute of Fundamental Research,,,
132642,Universitas Ahmad Dahlan,,,
132660,Universitas Negeri Gorontalo,,,
132667,Universitas Jambi,,,
132676,Universitas Sriwijaya,,,
132678,Universitas Jember,,,
132688,University of Malaya,,,
132694,Universiti Sains Islam Malaysia,,,
132701,Uttaradit Rajabhat University,,,
132780,Indian Institute of Technology Delhi,,,
132785,Shiv Nadar University,,,
132796,University of the Philippines Baguio Campus,,,
132844,Ateneo de Manila University,,,
132866,Rajamangala University of Technology Suvarnabhumi under UniNet Network,,,
132874,Universiti Malaysia Sabah,,,
132879,Rajabhat Mahasarakham University,,,
132905,Ateneo de Davao University,,,
132995,South Asian University,,,
133002,Indian Institute of Tropical Meteorology,,,
133014,Universiti Teknologi Malaysia,,,
133094,Harry Perkins Institute of Medical Research Inc,,,
133273,Tata Institute of Social Sciences,,,
133313,Saha Institute of Nuclear Physics,,,
133475,New York University ASN,,,
133498,De La Salle University,,,
133552,B.M.S College Of Engineering,,,
133723,Institute for Plasma Research,,,
133802,Universitas Pasundan Bandung,,,
133824,Universitas Islam Negeri Alauddin Makasar,,,
133825,Universitas Pattimura,,,
133832,Universitas Mercu Buana Yogyakarta,,,
133844,Universitas Islam Negeri Suska Riau,,,
133919,"University campus network, Rajamangala University of Technology Phra Nakhon",,,
133928,Unitec Institute of Technology,,,
134023,Aligarh Muslim University,,,
134107,University Malaysia Pahang,,,
134322,Tata Institute of Fundamental Research,,,
134383,Sunrise Institute,,,
134428,Universal Power Systems Private Limited,,,
134614,Universitas Hasanuddin,,,
134627,Universitas Kristen Satya Wacana,,,
134722,Universiti Teknikal Malaysia Melaka,,,
134856,Eikon India Business Management Institute Pvt Ltd,,,
135012,Suan Dusit University,,,
135074,"Boromarajonani College of Nursing, Bangkok",,,
196648,"North-Eastern Federal University n.a. M.K.Ammosov, State Federal Autonomous Educational Org",,,
196790,Institute of radio astronomy,,,
196839,Virtual Universe LTD,,,
196844,"Institute of Bioorganic Chemistry Polish Academy of Science, Poznan Supercomputing and Netw",,,
197277,State Institute for Drug Control,,,
197451,Brno University of Technology,,,
197467,Samara State Aerospace University (SGAU),,,
197526,Russian New University,,,
197768,Novosibirsk State University of Architecture and Civil Engineering,,,
198017,Azienda Ospedaliero-Universitaria Citta della salute e della scienza di Torino,,,
198222,West Herts College,,,
198255,JSC Universal Electronic Card,,,
198280,Varna Free University Chernorizets Hrabar,,,
198336,Cyprus University of Technology,,,
198345,Viesoji istaiga Vilniaus universiteto bustas,,,
198384,Omsk State Technical University,,,
198455,Danmarks Tekniske Universitet,,,
198499,Qatar University,,,
198723,University of Reading,,,
198863,Cambridge University Press (Holdings) Limited,,,
198864,"Queen Mary and Westfield College, University of London",,,
198878,Universidad de Navarra,,,
199093,Moscow State Industrial University,,,
199233,Mutuelle Assurance Instituteur France STE,,,
199279,"Silesian University of Technology, Computer Centre",,,
199342,Universita Cattolica del Sacro Cuore,,,
199513,Universitatea de Vest din Timisoara,,,
199549,Open Joint Stock Company All Russian Institute of Light Alloys,,,
199578,Technische Universitaet Kaiserslautern,,,
199643,Lebanese American University,,,
199739,LLC Link Universe,,,
199895,Arab American University Jenin,,,
200895,Kurdistan University,,,
201228,Czech metrology institute,,,
201263,Brno University of Technology,,,
201421,Federal State Unitary Enterprise Central Scientific Research Institute of Mechanical Engine,,,
201756,American University of Middle East,,,
201773,University of Warwick,,,
201778,FSBES HPE Orel State University,,,
203247,Islamic Azad University Institute,,,
203479,Al-Aqsa University,,,
203509,ANO VO Universitet Innopolis,,,
203798,Mashhad University of Medical Sciences,,,
204001,Yazd University,,,
262148,Universidad APEC,,,
262156,Universidad Nacional de Rosario,,,
262166,Universidad del Valle de Guatemala,,,
262178,Pontificia Universidad Catolica Madre y Maestra (PUCMM),,,
262226,Universidad Piloto de Colombia,,,
262265,Fundación Universidad Empresarial Siglo 21,,,
262442,Fundação Universidade de Itaúna,,,
262511,Universidade Federal do Pará,,,
262533,Universidade do Estado do Pará,,,
262583,Fundação Universidade de Passo Fundo,,,
262742,Fundação Universidade Federal do ABC - UFABC,,,
262959,Centro Universitário do Rio G. do Norte - UNIRN,,,
263076,Universidade Estadual de Maringá - UEM,,,
263134,Universidad Autonoma de Queretaro,,,
263148,Universidad Autonoma de Campeche,,,
263186,Universidad Nacional de General Sarmiento,,,
263235,Universidad Nacional de Misiones,,,
263300,Universidade Federal de Santa Catarina,,,
263613,Fundação Universitaria do Desenvolvimento do Oeste,,,
263683,Universidad de Costa Rica,,,
263710,Corporación Universitaria Minuto de Dios,,,
263752,University of Guyana,,,
264029,Universidade para o Desenv. do Alto Vale do Itajai,,,
264653,Universidad Catolica de Oriente,,,
327763,Bowen-University,,,
393249,University of British Columbia,,,
393251,Francis Marion University,,,
393257,Lawrence University,,,
393282,University of California at Berkeley,,,
393289,Mercer University,,,
393296,Augustana College,,,
393302,St. John's College,,,
393307,Cooper University Hospital,,,
393337,University of Hartford,,,
393392,Pacific Northwest University of Health Sciences,,,
393408,University of Portland,,,
393468,Concordia University of Edmonton,,,
393495,Colby-Sawyer College,,,
393564,Washington State University,,,
393574,Practising Law Institute,,,
393665,Baker College,,,
393679,New York Prosecutors Training Institute Inc.,,,
393683,Curry College,,,
393724,Trident Technical College,,,
393750,Truman State University,,,
393810,Harrison College,,,
393817,Lake Michigan College,,,
393872,Motlow State Community College,,,
393875,University of Mount Olive,,,
393966,Capilano University,,,
394031,South Suburban College of Cook County,,,
394137,Southern California University of Health Sciences,,,
394169,Nassau Community College,,,
394170,Susquehanna University,,,
394236,Luzerne County Community College,,,
394289,Hope College,,,
394387,Virginia Union University,,,
394391,Central Washington University,,,
394395,Towson State University,,,
394420,"Independent College Enterprise, Inc.",,,
394440,Lebanon Valley College,,,
394522,Assiniboine Community College,,,
394533,Roanoke College,,,
394586,Onondaga Community College,,,
394683,Arkansas Colleges of Health Education,,,
394688,Quinnipiac University,,,
394698,Fitchburg State University,,,
394744,Randolph-Macon College,,,
394769,University of Michigan - Flint,,,
394797,Millikin University,,,
394803,American National Standards Institute,,,
394849,Montana State University - Billings,,,
394858,University of New Haven,,,
394988,Finger Lakes Community College,,,
